{"subsample":1.0,"scale-pos-weight":0.944,"max-depth":6,"lambda":0.12379310344827585,"gamma":0.6669999999999999,"eta":0.7777777777777778,"round":5,"alpha":0.21689655172413794}